{
  "Izzet Prowess": {
    "wins": 1290,
    "losses": 1203,
    "draws": 0,
    "matches": 2493,
    "win_rate": 0.5174488567990373
  },
  "Izzet Spellementals": {
    "wins": 679,
    "losses": 664,
    "draws": 0,
    "matches": 1343,
    "win_rate": 0.505584512285927
  },
  "Dimir Excruciator": {
    "wins": 556,
    "losses": 583,
    "draws": 0,
    "matches": 1139,
    "win_rate": 0.4881474978050922
  },
  "Mono-Green Landfall": {
    "wins": 556,
    "losses": 505,
    "draws": 0,
    "matches": 1061,
    "win_rate": 0.5240339302544769
  },
  "Selesnya Offense": {
    "wins": 514,
    "losses": 460,
    "draws": 0,
    "matches": 974,
    "win_rate": 0.5277207392197125
  },
  "4-Color Tablet": {
    "wins": 401,
    "losses": 418,
    "draws": 0,
    "matches": 819,
    "win_rate": 0.4896214896214896
  },
  "Jeskai Lessons": {
    "wins": 337,
    "losses": 301,
    "draws": 0,
    "matches": 638,
    "win_rate": 0.5282131661442007
  },
  "Selesnya Landfall": {
    "wins": 263,
    "losses": 265,
    "draws": 0,
    "matches": 528,
    "win_rate": 0.4981060606060606
  },
  "Azorius Momo": {
    "wins": 226,
    "losses": 215,
    "draws": 0,
    "matches": 441,
    "win_rate": 0.5124716553287982
  },
  "Monument Lessons": {
    "wins": 195,
    "losses": 182,
    "draws": 0,
    "matches": 377,
    "win_rate": 0.5172413793103449
  },
  "Selesnya Rhythm": {
    "wins": 162,
    "losses": 193,
    "draws": 0,
    "matches": 355,
    "win_rate": 0.4563380281690141
  },
  "Mardu Discard": {
    "wins": 125,
    "losses": 151,
    "draws": 0,
    "matches": 276,
    "win_rate": 0.4528985507246377
  },
  "Temur Elementals": {
    "wins": 137,
    "losses": 115,
    "draws": 0,
    "matches": 252,
    "win_rate": 0.5436507936507936
  },
  "Azorius Tempo": {
    "wins": 114,
    "losses": 119,
    "draws": 0,
    "matches": 233,
    "win_rate": 0.4892703862660944
  },
  "Izzet Fling": {
    "wins": 81,
    "losses": 128,
    "draws": 0,
    "matches": 209,
    "win_rate": 0.3875598086124402
  },
  "Izzet Lessons": {
    "wins": 98,
    "losses": 105,
    "draws": 0,
    "matches": 203,
    "win_rate": 0.4827586206896552
  },
  "Golgari Demon": {
    "wins": 93,
    "losses": 93,
    "draws": 0,
    "matches": 186,
    "win_rate": 0.5
  },
  "Jeskai Tablet": {
    "wins": 84,
    "losses": 77,
    "draws": 0,
    "matches": 161,
    "win_rate": 0.5217391304347826
  },
  "Jeskai Control": {
    "wins": 68,
    "losses": 91,
    "draws": 0,
    "matches": 159,
    "win_rate": 0.4276729559748428
  },
  "Izzet Aggro": {
    "wins": 69,
    "losses": 87,
    "draws": 0,
    "matches": 156,
    "win_rate": 0.4423076923076923
  },
  "Dimir Midrange": {
    "wins": 76,
    "losses": 68,
    "draws": 0,
    "matches": 144,
    "win_rate": 0.5277777777777778
  },
  "Mono-Red Aggro": {
    "wins": 60,
    "losses": 84,
    "draws": 0,
    "matches": 144,
    "win_rate": 0.4166666666666667
  },
  "Boros Token": {
    "wins": 59,
    "losses": 75,
    "draws": 0,
    "matches": 134,
    "win_rate": 0.44029850746268656
  },
  "Simic Kona": {
    "wins": 61,
    "losses": 70,
    "draws": 0,
    "matches": 131,
    "win_rate": 0.46564885496183206
  },
  "Izzet Opus": {
    "wins": 60,
    "losses": 65,
    "draws": 0,
    "matches": 125,
    "win_rate": 0.48
  },
  "Bant Rhythm": {
    "wins": 38,
    "losses": 55,
    "draws": 0,
    "matches": 93,
    "win_rate": 0.40860215053763443
  },
  "Golgari Midrange": {
    "wins": 41,
    "losses": 42,
    "draws": 0,
    "matches": 83,
    "win_rate": 0.4939759036144578
  },
  "Dimir Deceit": {
    "wins": 35,
    "losses": 38,
    "draws": 0,
    "matches": 73,
    "win_rate": 0.4794520547945205
  },
  "Boros Manufacturing": {
    "wins": 37,
    "losses": 33,
    "draws": 0,
    "matches": 70,
    "win_rate": 0.5285714285714286
  },
  "Sultai Reanimator": {
    "wins": 25,
    "losses": 33,
    "draws": 0,
    "matches": 58,
    "win_rate": 0.43103448275862066
  },
  "Mono-White Momo": {
    "wins": 27,
    "losses": 24,
    "draws": 0,
    "matches": 51,
    "win_rate": 0.5294117647058824
  },
  "Sultai Control": {
    "wins": 26,
    "losses": 25,
    "draws": 0,
    "matches": 51,
    "win_rate": 0.5098039215686274
  },
  "Simic Rhythm": {
    "wins": 22,
    "losses": 24,
    "draws": 0,
    "matches": 46,
    "win_rate": 0.4782608695652174
  },
  "Boros Dragons": {
    "wins": 19,
    "losses": 21,
    "draws": 0,
    "matches": 40,
    "win_rate": 0.475
  },
  "Bant Bounce": {
    "wins": 25,
    "losses": 15,
    "draws": 0,
    "matches": 40,
    "win_rate": 0.625
  },
  "Jeskai Artifacts": {
    "wins": 21,
    "losses": 16,
    "draws": 0,
    "matches": 37,
    "win_rate": 0.5675675675675675
  },
  "Jeskai Manufacturing": {
    "wins": 15,
    "losses": 21,
    "draws": 0,
    "matches": 36,
    "win_rate": 0.4166666666666667
  },
  "Golgari Rhythm": {
    "wins": 12,
    "losses": 17,
    "draws": 0,
    "matches": 29,
    "win_rate": 0.41379310344827586
  },
  "Golgari Crime": {
    "wins": 13,
    "losses": 11,
    "draws": 0,
    "matches": 24,
    "win_rate": 0.5416666666666666
  },
  "Rakdos Discard": {
    "wins": 13,
    "losses": 10,
    "draws": 0,
    "matches": 23,
    "win_rate": 0.5652173913043478
  },
  "Mono-Black Aggro": {
    "wins": 13,
    "losses": 10,
    "draws": 0,
    "matches": 23,
    "win_rate": 0.5652173913043478
  },
  "Mono-Blue Spellementals": {
    "wins": 7,
    "losses": 14,
    "draws": 0,
    "matches": 21,
    "win_rate": 0.3333333333333333
  },
  "Gruul Delirium": {
    "wins": 8,
    "losses": 11,
    "draws": 0,
    "matches": 19,
    "win_rate": 0.42105263157894735
  },
  "4-Color Control": {
    "wins": 8,
    "losses": 11,
    "draws": 0,
    "matches": 19,
    "win_rate": 0.42105263157894735
  },
  "Selesnya Midrange": {
    "wins": 8,
    "losses": 8,
    "draws": 0,
    "matches": 16,
    "win_rate": 0.5
  },
  "Orzhov Repartee": {
    "wins": 9,
    "losses": 6,
    "draws": 0,
    "matches": 15,
    "win_rate": 0.6
  },
  "Golgari Roots": {
    "wins": 7,
    "losses": 7,
    "draws": 0,
    "matches": 14,
    "win_rate": 0.5
  },
  "Golgari Reanimator": {
    "wins": 5,
    "losses": 9,
    "draws": 0,
    "matches": 14,
    "win_rate": 0.35714285714285715
  },
  "Bant Airbending": {
    "wins": 7,
    "losses": 6,
    "draws": 0,
    "matches": 13,
    "win_rate": 0.5384615384615384
  },
  "Mono-Green Aggro": {
    "wins": 6,
    "losses": 6,
    "draws": 0,
    "matches": 12,
    "win_rate": 0.5
  },
  "4-Color Allies": {
    "wins": 6,
    "losses": 6,
    "draws": 0,
    "matches": 12,
    "win_rate": 0.5
  },
  "Temur Harmonizer": {
    "wins": 4,
    "losses": 7,
    "draws": 0,
    "matches": 11,
    "win_rate": 0.36363636363636365
  },
  "Gruul Fling": {
    "wins": 1,
    "losses": 10,
    "draws": 0,
    "matches": 11,
    "win_rate": 0.09090909090909091
  },
  "Sultai Demon": {
    "wins": 6,
    "losses": 5,
    "draws": 0,
    "matches": 11,
    "win_rate": 0.5454545454545454
  },
  "Boros Leyline": {
    "wins": 4,
    "losses": 6,
    "draws": 0,
    "matches": 10,
    "win_rate": 0.4
  },
  "Esper Pixie": {
    "wins": 2,
    "losses": 7,
    "draws": 0,
    "matches": 9,
    "win_rate": 0.2222222222222222
  },
  "Temur Tablet": {
    "wins": 5,
    "losses": 2,
    "draws": 0,
    "matches": 7,
    "win_rate": 0.7142857142857143
  },
  "Simic Ramp": {
    "wins": 2,
    "losses": 5,
    "draws": 0,
    "matches": 7,
    "win_rate": 0.2857142857142857
  },
  "Orzhov Control": {
    "wins": 3,
    "losses": 3,
    "draws": 0,
    "matches": 6,
    "win_rate": 0.5
  },
  "Mono-Red Leyline": {
    "wins": 3,
    "losses": 2,
    "draws": 0,
    "matches": 5,
    "win_rate": 0.6
  },
  "Leyline Aggro": {
    "wins": 1,
    "losses": 3,
    "draws": 0,
    "matches": 4,
    "win_rate": 0.25
  },
  "Boros Burn": {
    "wins": 0,
    "losses": 2,
    "draws": 0,
    "matches": 2,
    "win_rate": 0.0
  }
}